Mendelssohn: 4. Sinfonie A dur,https://www.youtube.com/watch?v=_HX_jF1_Tgc&t=35s,1
Itzhak Perlman - Mendelssohn: Violin Concerto in E - Various Conductors & Orchestras/Fan Compilation,https://www.youtube.com/watch?v=PC6cPairOTA&t=5s,1
Weber: Aufforderung zum Tanze (Invitation to the Dance) Op. 65,https://www.youtube.com/watch?v=wLdnmueC0lE&t=4s,1
Schubert - Impromptu No.2 in A♭ major (D 935),https://www.youtube.com/watch?v=6VMPVBhJX_w&t=5s,1
Schubert: Symphony No. 8 Unfinished | Iván Fischer & Budapest Festival Orchestra,https://www.youtube.com/watch?v=3tisvEpblig&t=32s,1
Felix Mendelssohn Bartholdy - Wedding March from ''A Mindsummer Night's Dream'',https://www.youtube.com/watch?v=8QJyIbNCZMk&t=0s,1
Franz Schubert - Erlkönig (Sheet music and lyrics),https://www.youtube.com/watch?v=XoBo8dlPcQo&t=5s,1
Chopin - Nocturne op.9 No.2,https://www.youtube.com/watch?v=9E6b3swbnWg&t=1s,2
Lang Lang - Chopin Minute Waltz Op. 64 No. 1,https://www.youtube.com/watch?v=hKILwVH_MdM&t=10s,2
Chopin - Revolutionary Etude (Op. 10 No. 12),https://www.youtube.com/watch?v=g1uLrHq9TDg&t=4s,2
"F. Chopin : Polonaise op. 40 no. 1 in A major ""Military"" (Pollini)",https://www.youtube.com/watch?v=hbnunexhlXM&t=7s,2
Yuja Wang: Schumann Piano Concerto in A minor Op. 54 [HD],https://www.youtube.com/watch?v=fWDrJT0s1s8&t=8s,2
"Chopin -  Etude Op.10 No.3 ""Tristesse"" (Kissin), (Sheet Music, Video, and Audio)",https://www.youtube.com/watch?v=LTSXWxIYirU&t=5s,2
Chopin - Waltz in C Sharp Minor (Op. 64 No. 2),https://www.youtube.com/watch?v=SUT_0c2QVzo&t=5s,2
William Tell Overture Final,https://www.youtube.com/watch?v=YIbYCOiETx0&t=0s,2
"Chopin - Sonata No. 2 in B-Flat Minor, Op. 35 (Cho) [Score]",https://www.youtube.com/watch?v=VUk3_qTTVg4&t=671s,2
Yuja Wang: Schumann Piano Concerto in A minor Op. 54 [HD],https://www.youtube.com/watch?v=fWDrJT0s1s8&t=7s,2
Lang Lang - Chopin Minute Waltz Op. 64 No. 1,https://www.youtube.com/watch?v=hKILwVH_MdM&t=9s,2
Part 3 - Dvořák: 9. Sinfonie (»Aus der Neuen Welt«) ∙ hr-Sinfonieorchester ∙ Andrés Orozco-Estrada,https://www.youtube.com/watch?v=jOofzffyDSA&t=1585s,3
Franck: Sinfonie d-Moll ∙ hr-Sinfonieorchester ∙ Marc Minkowski,https://www.youtube.com/watch?v=uRWFjK11lfw&t=42s,3
Čajkovskij-klavírní koncert B-moll,https://www.youtube.com/watch?v=JQ-edAsbuJw&t=0s,3
UHERSKÝ TANEC Č.5 / JOHANNES BRAHMS / CHUHEI IWASAKI - PK / 10.11.2016,https://www.youtube.com/watch?v=vcJ7hhbnFxE&t=13s,3
The New York Philharmonic String Quartet performs Dvořák’s American Quartet,https://www.youtube.com/watch?v=HrqgMrwG4i0&t=2s,3
Tchaikovsky: Fantasy Overture 'Romeo and Juliet' - Radio Philharmonic Orchestra - Live Concert HD,https://www.youtube.com/watch?v=f6qZUCi7ToQ&t=5s,3
"Ivo Kahánek  -  Antonín Dvořák: Humoresque No. 7 in G flat major, Op. 101 (B. 187)",https://www.youtube.com/watch?v=dr5hpNs_Ukw&t=3s,3
Dvořák: Cello Concerto in B minor - Ella van Poucke & Radio Filharmonisch Orkest - Live concert HD,https://www.youtube.com/watch?v=2gzj6qT3gjg&t=6s,3
Antonín Dvořák - Slaw  Tänze op  46 No 1 C dur   Presto,https://www.youtube.com/watch?v=fbPQf5diTv0&t=2s,3
Part 3 - Dvořák: 9. Sinfonie (»Aus der Neuen Welt«) ∙ hr-Sinfonieorchester ∙ Andrés Orozco-Estrada,https://www.youtube.com/watch?v=jOofzffyDSA&t=1584s,3
Part 4 - Dvořák: 9. Sinfonie (»Aus der Neuen Welt«) ∙ hr-Sinfonieorchester ∙ Andrés Orozco-Estrada,https://www.youtube.com/watch?v=jOofzffyDSA&t=2046s,3
"Věrné milování / ""Faithful love"" from Prodaná nevěsta/ Bartered Bride by Bedrich Smetana",https://www.youtube.com/watch?v=xjI8nvUqLFo&t=0s,3
Tschaikowsky: 6. Sinfonie (»Pathétique«) ∙ hr-Sinfonieorchester ∙ Lionel Bringuier,https://www.youtube.com/watch?v=SVnF3x44rvU&t=53s,3
"Tchaikovsky: Swan Lake, Op. 20, TH.12 / Act 1: No. 1 Scène (Allegro giusto)",https://www.youtube.com/watch?v=5f5SqhPQMVM&t=0s,3
The New York Philharmonic String Quartet performs Dvořák’s American Quartet,https://www.youtube.com/watch?v=HrqgMrwG4i0&t=1s,3
Part 2 - Dvořák: 9. Sinfonie (»Aus der Neuen Welt«) ∙ hr-Sinfonieorchester ∙ Andrés Orozco-Estrada,https://www.youtube.com/watch?v=jOofzffyDSA&t=781s,3
Berlioz : Symphonie Fantastique (Fantastical Symphony) part 1,https://www.youtube.com/watch?v=5HgqPpjIH5c&t=36s,3
Polonéza z opery Rusalka,https://www.youtube.com/watch?v=fmnCrzCym4Q&t=0s,3
"A. Dvorak: Slavonic dances No.2, Dumka, e moll",https://www.youtube.com/watch?v=vWOwZLYYQjA&t=3s,3
Dvořák: Cello Concerto in B minor - Ella van Poucke & Radio Filharmonisch Orkest - Live concert HD,https://www.youtube.com/watch?v=2gzj6qT3gjg&t=5s,3
Part 1 - Dvořák: 9. Sinfonie (»Aus der Neuen Welt«) ∙ hr-Sinfonieorchester ∙ Andrés Orozco-Estrada,https://www.youtube.com/watch?v=jOofzffyDSA&t=25s,3
Part 4 - Dvořák: 9. Sinfonie (»Aus der Neuen Welt«) ∙ hr-Sinfonieorchester ∙ Andrés Orozco-Estrada,https://www.youtube.com/watch?v=jOofzffyDSA&t=2047s,3
Antonín Dvořák - Slaw  Tänze op  46 No 1 C dur   Presto,https://www.youtube.com/watch?v=fbPQf5diTv0&t=1s,3
"Ivo Kahánek  -  Antonín Dvořák: Humoresque No. 7 in G flat major, Op. 101 (B. 187)",https://www.youtube.com/watch?v=dr5hpNs_Ukw&t=2s,3
Beňačková sings Rusalka - Měsíčku na nebi,https://www.youtube.com/watch?v=Qul0b3e631k&t=0s,4
Richard Wagner: Die Meistersinger von Nürnberg (The Mastersingers of Nuremberg) - Overture,https://www.youtube.com/watch?v=hKKL77MgUBA&t=0s,4
Niccolò Paganini - Caprice No. 24,https://www.youtube.com/watch?v=WMLoBXgPil8&t=0s,4
"Richard Wagner - ""Tristan und Isolde"", Prelude",https://www.youtube.com/watch?v=J-qoaioG2UA&t=5s,4
"Prodaná nevěsta/ Bartered Bride - Duett ""Znám jednu dívku, ta má dukáty"" Dvorský & Novák",https://www.youtube.com/watch?v=HUXhEzIuRhQ&t=0s,4
"The Smetana Quartet: Bedrich Smetana, String Quartet N.1 in E minor (""From My Life"")",https://www.youtube.com/watch?v=_L1lPraMNUk&t=830s,4
Richard Wagner Lohengrin - Wedding March,https://www.youtube.com/watch?v=HUpineaywOI&t=0s,4
"The Smetana Quartet: Bedrich Smetana, String Quartet N.1 in E minor (""From My Life"")",https://www.youtube.com/watch?v=_L1lPraMNUk&t=3s,4
Vltava - Smetana: Má Vlast,https://www.youtube.com/watch?v=w6jlhLUgER0&t=899s,4
"Bedřich Smetana: The Bartered Bride, overture to the opera (Jakub Hrůša & Czech Philharmonic)",https://www.youtube.com/watch?v=arYtKZiXCec&t=0s,4
Tábor - Smetana: Má Vlast,https://www.youtube.com/watch?v=w6jlhLUgER0&t=2925s,4
"The Smetana Quartet: Bedrich Smetana, String Quartet N.1 in E minor (""From My Life"")",https://www.youtube.com/watch?v=_L1lPraMNUk&t=2s,4
Czech Dances - Set II - Obkročák,https://www.youtube.com/watch?v=0HKDAP5791U&t=0s,4
"The Smetana Quartet: Bedrich Smetana, String Quartet N.1 in E minor (""From My Life"")",https://www.youtube.com/watch?v=_L1lPraMNUk&t=1335s,4
Bedřich Smetana: Polka a minor | a moll (z Českých tanců) | Piano | Štěpán Kos,https://www.youtube.com/watch?v=tDV0Lav3bfU&t=1s,4
"Smetana Trio in G Minor, Op. 15 I. Moderato assai",https://www.youtube.com/watch?v=e5jSVHKv0Lo&t=1s,4
"The Smetana Quartet: Bedrich Smetana, String Quartet N.1 in E minor (""From My Life"")",https://www.youtube.com/watch?v=_L1lPraMNUk&t=1336s,4
Lang Lang  — Liszt's Liebestraum No. 3 on Steinway & Sons Spirio | r,https://www.youtube.com/watch?v=lhW_tRmpLFs&t=2s,4
Blaník -Smetana: Má Vlast,https://www.youtube.com/watch?v=w6jlhLUgER0&t=3616s,4
Garrick Ohlsson recording Smetana's České tance II 'Czech Dances (Furiant in A minor—Presto),https://www.youtube.com/watch?v=42-26CP1n2E&t=9s,4
Richard Wagner - Ride of The Valkyries,https://www.youtube.com/watch?v=GGU1P6lBW6Q&t=0s,4
Vyšehrad - Smetana: Má Vlast,https://www.youtube.com/watch?v=w6jlhLUgER0&t=0s,4
Smetana: Libuše - Overture - Vienna Philharmonic Orchestra/Neumann (1987),https://www.youtube.com/watch?v=RKHYzSnhoP4&t=0s,4
Šárka - Smetana: Má Vlast,https://www.youtube.com/watch?v=w6jlhLUgER0&t=1596s,4
Lang Lang  — Liszt's Liebestraum No. 3 on Steinway & Sons Spirio | r,https://www.youtube.com/watch?v=lhW_tRmpLFs&t=1s,4
Berlioz : Symphonie Fantastique (Fantastical Symphony) part 4,https://www.youtube.com/watch?v=5HgqPpjIH5c&t=2393s,4
Z českých luhů a hájů - Smetana: Má Vlast,https://www.youtube.com/watch?v=w6jlhLUgER0&t=2177s,4
"The Smetana Quartet: Bedrich Smetana, String Quartet N.1 in E minor (""From My Life"")",https://www.youtube.com/watch?v=_L1lPraMNUk&t=486s,4
"Smetana:Prodaná nevěsta/ Bartered Bride-Sextet ""Rozmysli se,Mařenko,rozmysli""",https://www.youtube.com/watch?v=cR5t9YUvzCE&t=0s,4
Valentina Lisitsa plays Liszt's Hungarian Rhapsody No. 2,https://www.youtube.com/watch?v=LdH1hSWGFGU&t=7s,4
B. Smetana: The Bartered Bride (Overture),https://www.youtube.com/watch?v=9eWXqxKX0KI&t=1s,4
Berlioz : Symphonie Fantastique (Fantastical Symphony) part 4,https://www.youtube.com/watch?v=5HgqPpjIH5c&t=2394s,4
Lang Lang - Last Night Proms 2011 - Liszt Piano Concerto No. 1 in E flat major,https://www.youtube.com/watch?v=8yE3Dz0-koA&t=29s,4
Proč bychom se netěšili,https://www.youtube.com/watch?v=Na6piObEzws&t=0s,4
Berlioz : Symphonie Fantastique (Fantastical Symphony) part 5,https://www.youtube.com/watch?v=5HgqPpjIH5c&t=2667s,4
Bedřich Smetana: Polka a minor | a moll (z Českých tanců) | Piano | Štěpán Kos,https://www.youtube.com/watch?v=tDV0Lav3bfU&t=2s,4
Berlioz : Symphonie Fantastique (Fantastical Symphony) part 1,https://www.youtube.com/watch?v=5HgqPpjIH5c&t=35s,4
Valentina Lisitsa plays Liszt's Hungarian Rhapsody No. 2,https://www.youtube.com/watch?v=LdH1hSWGFGU&t=8s,4
Garrick Ohlsson recording Smetana's České tance II 'Czech Dances (Furiant in A minor—Presto),https://www.youtube.com/watch?v=42-26CP1n2E&t=8s,4
Borodin - Symphony No. 2 «The Bogatyrs» (Score),https://www.youtube.com/watch?v=4CCe4_SPgLc&t=2s,5
Let čmeláka. Z opery Pohádka o caru Saltánovi,https://www.youtube.com/watch?v=bR9RII2loI8&t=0s,5
Vienna Philharmonic & Zubin Mehta - Grieg: Morning Mood (Summer Night Concert 2015),https://www.youtube.com/watch?v=7lKo6TYDXCQ&t=5s,5
MODEST PETROVIČ MUSORGSKIJ - Obrázky z výstavy / Pictures at an Exhibition,https://www.youtube.com/watch?v=ixCFpUNcNsU&t=0s,5
Edvard Grieg: In the Hall of the Mountain King // Nicolò Foron & London Symphony Orchestra,https://www.youtube.com/watch?v=OqvHWUZZdP0&t=8s,5
Edvard Grieg: In the Hall of the Mountain King // Nicolò Foron & London Symphony Orchestra,https://www.youtube.com/watch?v=OqvHWUZZdP0&t=9s,5
REQUIEM (full) - Giuseppe VERDI // Danish National Symphony Orchestra (LIVE),https://www.youtube.com/watch?v=eaebqmzm0RA&t=22s,6
Bizet - Carmen - Overture,https://www.youtube.com/watch?v=pmuFOuh3QHs&t=0s,6
Giuseppe Verdi - Nabucco - Hebrew Slaves Chorus,https://www.youtube.com/watch?v=2VejTwFjwVI&t=1s,6
"Carmen - Habanera (Bizet; Anna Caterina Antonacci, The Royal Opera)..",https://www.youtube.com/watch?v=5ypMs80-5ao&t=3s,6
"OFFENBACH : Orpheus in the Underworld ""Galop Infernal"" [HD]",https://www.youtube.com/watch?v=Wh5g75svRJ4&t=15s,6
Giuseppe Verdi - Nabucco - Hebrew Slaves Chorus,https://www.youtube.com/watch?v=2VejTwFjwVI&t=2s,6
Triumphal March from Verdi's Aïda - BBC Proms 2013,https://www.youtube.com/watch?v=t5zpUnmojq4&t=4s,6
Offenbach: Barcarolle from the opera The Tales of Hoffmann | Elsa Dreisig and Nicole Chirca,https://www.youtube.com/watch?v=knRgTXHTisk&t=5s,7
André Rieu - The Beautiful Blue Danube,https://www.youtube.com/watch?v=IDaJ7rFg66A&t=2s,7
Offenbach: Barcarolle from the opera The Tales of Hoffmann | Elsa Dreisig and Nicole Chirca,https://www.youtube.com/watch?v=knRgTXHTisk&t=4s,7
Radetzky March - Austria Hungary,https://www.youtube.com/watch?v=5EYX8l-OJqE&t=5s,7
Richard Strauss - Till Eulenspiegel's Merry Pranks | Semyon Bychkov | WDR Symphony Orchestra,https://www.youtube.com/watch?v=XxO6Rz4ADKI&t=2s,8
"Vítězslav Novák - Slovak Suite, Op.32",https://www.youtube.com/watch?v=mVIR-9mHaRs&t=1s,8
Pavel Sporcl - Fibich Poem,https://www.youtube.com/watch?v=ec31dfCKCyg&t=3s,8
"Mahler: Symphony No.8, Veni creator spiritus, Heinz Walter Florin, Conductor",https://www.youtube.com/watch?v=plqzqdEWJNA&t=4s,8
Josef Suk – Zrání (Ripening),https://www.youtube.com/watch?v=UugY5UP_jwQ&t=2s,8
"Mahler: Symphony No.8, Veni creator spiritus, Heinz Walter Florin, Conductor",https://www.youtube.com/watch?v=plqzqdEWJNA&t=3s,8
Strauss: Also sprach Zarathustra ∙ hr-Sinfonieorchester ∙ Andrés Orozco-Estrada,https://www.youtube.com/watch?v=GfwAPg4rQQE&t=22s,8
Richard Strauss - Till Eulenspiegel's Merry Pranks | Semyon Bychkov | WDR Symphony Orchestra,https://www.youtube.com/watch?v=XxO6Rz4ADKI&t=3s,8
Evgeny Kissin   Rachmaninoff Prelude Op 3 No 2 in C Sharp minor,https://www.youtube.com/watch?v=SCm9O2KNEX4&t=17s,8